"id";"nome_completo"
5225588855422632;Alexandre César Muniz de Oliveira
6446831084215512;Anselmo Cardoso de Paiva
8041675571955870;Areolino de Almeida Neto
5012476998883237;Ariel Soares Teles
2446301582459104;Aristófanes Corrêa Silva
1512846862093142;Carlos de Salles Soares Neto
4754106250302979;Daniel Lima Gomes Júnior
9297257833779277;Davi Viana dos Santos
1711180190759554;Francisco Glaubos Nunes Clímaco
770343284012942;Francisco José da Silva e Silva
8287861610873629;Geraldo Braz Júnior
6047330108382641;João Dallyson Sousa de Almeida
5901564732655853;Luciano Reis Coutinho
8534667641706692;Luis Jorge Enrique Rivero Cabrejos
9943003955628885;Mário Antonio Meireles Teixeira
5523293886612004;Omar Andres Carmona Cortes
1531971102610447;Samyr Beliche Vale
2352727269839328;Tiago Bonini Borchartt